featureType,latitude,longitude
fastFood,37.7760504,-122.3939630
fastFood,37.7801650,-122.3946256
fastFood,37.7263814,-122.4762258
fastFood,37.7955496,-122.3931929
fastFood,37.7872518,-122.4100500
fastFood,37.7831831,-122.4210960
fastFood,37.7839182,-122.4194876
fastFood,37.8077668,-122.4184666
fastFood,37.7288885,-122.4307199
fastFood,37.7828529,-122.4448572
fastFood,37.7234803,-122.4554730
fastFood,37.7720644,-122.4316640
fastFood,37.7718907,-122.4305330
fastFood,37.7718999,-122.4313245
fastFood,37.7719058,-122.4312812
fastFood,37.7719157,-122.4311673
fastFood,37.7232243,-122.4538840
fastFood,37.7862682,-122.4176924
fastFood,37.7861368,-122.4187653
fastFood,37.7774802,-122.4071839
fastFood,37.7853321,-122.4083629
fastFood,37.7850921,-122.4079256
fastFood,37.7523340,-122.4186296
fastFood,37.7648278,-122.4222609
fastFood,37.7944451,-122.3967654
fastFood,37.7781961,-122.4157435
fastFood,37.7333904,-122.4343103
fastFood,37.7687849,-122.4292661
fastFood,37.7223097,-122.3959425
fastFood,37.7318084,-122.3913825
fastFood,37.7233625,-122.4547858
fastFood,37.7867758,-122.4009386
fastFood,37.7803301,-122.4076377
fastFood,37.7131382,-122.4445763
fastFood,37.7172989,-122.4400805
fastFood,37.7268295,-122.4031215
fastFood,37.7308314,-122.4050974
fastFood,37.7286624,-122.4042360
fastFood,37.7289785,-122.4039770
fastFood,37.7408532,-122.3888248
fastFood,37.7410629,-122.3887499
fastFood,37.7415600,-122.3885365
fastFood,37.7322794,-122.3919588
fastFood,37.7876872,-122.4009468
fastFood,37.7639521,-122.4338053
fastFood,37.7870460,-122.3988140
fastFood,37.7903659,-122.3994026
fastFood,37.7914771,-122.3993698
fastFood,37.7914529,-122.3997805
fastFood,37.7967253,-122.4003352
fastFood,37.7653016,-122.4665892
fastFood,37.7885642,-122.4027028
fastFood,37.7785410,-122.4153220
fastFood,37.7812348,-122.4641684
fastFood,37.7747769,-122.5100026
fastFood,37.7337908,-122.4893753
fastFood,37.7325339,-122.4898996
fastFood,37.7325296,-122.4899746
fastFood,37.7337950,-122.4892973
fastFood,37.7807874,-122.4756807
fastFood,37.7554829,-122.4196451
fastFood,37.7618396,-122.4173776
fastFood,37.7166057,-122.4413580
fastFood,37.7208003,-122.4375104
fastFood,37.7184272,-122.4397567
fastFood,37.7768183,-122.3948860
fastFood,37.7785737,-122.3921766
fastFood,37.7795923,-122.3915835
fastFood,37.7786615,-122.3927737
fastFood,37.7787077,-122.3932034
fastFood,37.7607716,-122.4351823
fastFood,37.7690726,-122.3903171
fastFood,37.7748604,-122.4379581
fastFood,37.8005595,-122.4373837
fastFood,37.8078080,-122.4178430
fastFood,37.7889505,-122.4014996
fastFood,37.7455949,-122.4202183
fastFood,37.7852070,-122.4166578
fastFood,37.7897034,-122.4040073
fastFood,37.7233172,-122.4822210
fastFood,37.7718826,-122.4303038
fastFood,37.7719259,-122.4303170
fastFood,37.7692918,-122.4277262
fastFood,37.7662819,-122.4019760
fastFood,37.7759755,-122.4196734
fastFood,37.7697951,-122.4495174
fastFood,37.7939006,-122.3990657
fastFood,37.7639211,-122.4661799
fastFood,37.8083269,-122.4140067
fastFood,37.7909421,-122.4192204
fastFood,37.7876482,-122.4339429
fastFood,37.8003743,-122.4376967
fastFood,37.8002850,-122.4397006
fastFood,37.8082440,-122.4145370
fastFood,37.7842915,-122.4087225
fastFood,37.7842358,-122.4036734
fastFood,37.7848683,-122.4035456
fastFood,37.7869373,-122.4040148
fastFood,37.7870859,-122.4038287
fastFood,37.7404310,-122.4665130
fastFood,37.7401543,-122.4667867
fastFood,37.7880065,-122.4200461
fastFood,37.7408775,-122.4655297
fastFood,37.7408061,-122.4654015
fastFood,37.7872668,-122.3986501
fastFood,37.7657898,-122.4665914
fastFood,37.7640524,-122.4694092
fastFood,37.7429359,-122.4812611
fastFood,37.7425918,-122.4833491
fastFood,37.7672262,-122.4529946
fastFood,37.7695204,-122.4517666
fastFood,37.8006099,-122.4088891
fastFood,37.8074752,-122.4172288
fastFood,37.8068444,-122.4182366
fastFood,37.8070416,-122.4187653
fastFood,37.7977076,-122.4067101
fastFood,37.7635139,-122.4811860
fastFood,37.7636366,-122.4786001
fastFood,37.7870636,-122.4198172
fastFood,37.7651934,-122.4151131
fastFood,37.7846160,-122.4087510
fastFood,37.7939497,-122.3966629
fastFood,37.7914507,-122.4040574
fastFood,37.7842253,-122.4032414
fastFood,37.7839905,-122.4028082
fastFood,37.7534897,-122.4971580
fastFood,37.7136180,-122.4299824
fastFood,37.7428040,-122.4057510
fastFood,37.8077335,-122.4138928
fastFood,37.7896538,-122.4118742
fastFood,37.7723610,-122.4292563
fastFood,37.7257108,-122.4494426
fastFood,37.7651442,-122.4204315
fastFood,37.7915160,-122.4043592
fastFood,37.7947834,-122.3962573
fastFood,37.7888918,-122.4015838
fastFood,37.7835636,-122.4070397
fastFood,37.7764792,-122.4167552
fastFood,37.7765894,-122.4165862
fastFood,37.7764389,-122.4170288
fastFood,37.7764241,-122.4169000
fastFood,37.7657762,-122.4666144
fastFood,37.7610068,-122.4348657
fastFood,37.7523856,-122.4179087
fastFood,37.7871677,-122.4075610
fastFood,37.7872281,-122.4075717
fastFood,37.7804833,-122.4802578
fastFood,37.8079165,-122.4159843
fastFood,37.7625201,-122.3960677
fastFood,37.7799558,-122.4071796
fastFood,37.8014018,-122.4250580
fastFood,37.8013713,-122.4252835
fastFood,37.8055851,-122.4131167
fastFood,37.7981643,-122.4068499
fastFood,37.7979313,-122.4073539
fastFood,37.7160016,-122.4405766
fastFood,37.7944950,-122.4039275
fastFood,37.7825575,-122.4169342
fastFood,37.7910390,-122.4039792
fastFood,37.7912862,-122.4040363
fastFood,37.7818115,-122.4153879
fastFood,37.8084398,-122.4099566
fastFood,37.7836664,-122.4177655
fastFood,37.7819070,-122.4146132
fastFood,37.7818095,-122.4152629
fastFood,37.7813500,-122.4168048
fastFood,37.7659117,-122.4079760
fastFood,37.7892272,-122.4077251
fastFood,37.7812230,-122.4641295
fastFood,37.7905928,-122.4045089
fastFood,37.7861548,-122.4169415
fastFood,37.7847383,-122.4129996
fastFood,37.7850015,-122.4126773
fastFood,37.7895996,-122.4036932
fastFood,37.7925096,-122.3989062
fastFood,37.7902169,-122.4037967
fastFood,37.7892684,-122.4039174
fastFood,37.7905380,-122.4041513
fastFood,37.7923499,-122.3999558
fastFood,37.7901812,-122.3973252
fastFood,37.7915853,-122.3998048
fastFood,37.7931578,-122.4026987
fastFood,37.7945086,-122.4179820
fastFood,37.7849912,-122.4084582
fastFood,37.7863082,-122.4132350
fastFood,37.7849883,-122.4109965
fastFood,37.7771074,-122.4380571
fastFood,37.7855574,-122.4397700
fastFood,37.7774018,-122.4631888
fastFood,37.7603091,-122.4215990
fastFood,37.7881885,-122.4176155
fastFood,37.7943113,-122.3975668
fastFood,37.7747353,-122.4379230
fastFood,37.7864542,-122.4145370
fastFood,37.7978587,-122.4285532
fastFood,37.7723075,-122.4297398
fastFood,37.7552248,-122.4203609
fastFood,37.7852669,-122.4332747
fastFood,37.7856979,-122.4330068
fastFood,37.7976630,-122.4318193
fastFood,37.7681240,-122.4291930
fastFood,37.7953187,-122.3920657
fastFood,37.7625973,-122.3944174
fastFood,37.7890185,-122.3946318
fastFood,37.7831922,-122.4325599
fastFood,37.7635408,-122.4583748
fastFood,37.7277353,-122.4766546
fastFood,37.7600455,-122.4207811
fastFood,37.7885975,-122.4146965
fastFood,37.7693229,-122.4514111
fastFood,37.7221604,-122.4786762
fastFood,37.7783740,-122.3918680
fastFood,37.7836875,-122.4325061
fastFood,37.7836399,-122.4326272
fastFood,37.7835237,-122.4326084
fastFood,37.7818240,-122.4456575
fastFood,37.7945298,-122.3951458
fastFood,37.7665115,-122.4087000
fastFood,37.7935501,-122.3941502
fastFood,37.7936789,-122.3941594
fastFood,37.7936516,-122.3939859
fastFood,37.7935991,-122.3940659
fastFood,37.7937156,-122.3940894
fastFood,37.7936327,-122.3942341
fastFood,37.7945655,-122.3960494
fastFood,37.7947082,-122.3959848
fastFood,37.7946339,-122.3956683
fastFood,37.7946559,-122.3954678
fastFood,37.7920665,-122.3972060
fastFood,37.7757843,-122.4181249
fastFood,37.7302601,-122.4762820
fastFood,37.7276435,-122.4765212
fastFood,37.7277876,-122.4766092
fastFood,37.7274721,-122.4764660
fastFood,37.7280247,-122.4767410
fastFood,37.7279982,-122.4766583
fastFood,37.7277486,-122.4768045
fastFood,37.7280211,-122.4768285
fastFood,37.7279647,-122.4766116
fastFood,37.7277355,-122.4767341
fastFood,37.7278772,-122.4768742
fastFood,37.7280034,-122.4769049
fastFood,37.7795064,-122.4936093
fastFood,37.7964224,-122.4053470
fastFood,37.7696520,-122.4489884
fastFood,37.7864900,-122.4180446
fastFood,37.7979181,-122.4355026
fastFood,37.7817210,-122.4455029
fastFood,37.7828079,-122.4645682
fastFood,37.7698306,-122.4475455
fastFood,37.7827776,-122.4658811
fastFood,37.7827537,-122.4661707
fastFood,37.7830014,-122.4661387
fastFood,37.7702801,-122.4457879
fastFood,37.7701718,-122.4464920
fastFood,37.7968013,-122.4369675
fastFood,37.7697968,-122.4496113
fastFood,37.7145139,-122.4702440
fastFood,37.7813691,-122.4612630
fastFood,37.7659521,-122.4021550
fastFood,37.8016565,-122.4119210
fastFood,37.7286110,-122.4767787
fastFood,37.7275057,-122.4769463
fastFood,37.7280008,-122.4767451
fastFood,37.7884521,-122.4156131
fastFood,37.7862637,-122.4104324
fastFood,37.7850947,-122.4305027
fastFood,37.7606743,-122.4351669
fastFood,37.7843163,-122.4063045
fastFood,37.7843350,-122.4059497
fastFood,37.7844144,-122.4059364
fastFood,37.7844425,-122.4059800
fastFood,37.7851535,-122.4197631
fastFood,37.7884611,-122.4155373
fastFood,37.7922661,-122.4032401
fastFood,37.7937265,-122.4047853
fastFood,37.7845223,-122.4034680
fastFood,37.7882695,-122.4037001
supermarket,37.7767382,-122.3942265
supermarket,37.7862650,-122.4528047
supermarket,37.7811499,-122.3997789
supermarket,37.8000223,-122.4416127
supermarket,37.7606657,-122.4365592
supermarket,37.7986741,-122.4090015
supermarket,37.8064387,-122.4128900
supermarket,37.7266010,-122.4762084
supermarket,37.7632581,-122.4196733
supermarket,37.7797642,-122.4099802
supermarket,37.7900899,-122.4234142
supermarket,37.7367631,-122.3897193
supermarket,37.7709988,-122.4077368
supermarket,37.7418624,-122.3871928
supermarket,37.7168741,-122.4415313
supermarket,37.7928844,-122.4162342
supermarket,37.7796231,-122.4075474
supermarket,37.7965466,-122.4217072
supermarket,37.7760091,-122.4460620
supermarket,37.7237981,-122.4546813
supermarket,37.7504228,-122.4181255
supermarket,37.7492129,-122.4180336
supermarket,37.7522423,-122.4205203
supermarket,37.7119724,-122.4528163
supermarket,37.7303902,-122.4051055
supermarket,37.7570365,-122.4209796
supermarket,37.7346227,-122.4337115
supermarket,37.8054807,-122.4137896
supermarket,37.7852546,-122.4310324
supermarket,37.7907686,-122.4179305
supermarket,37.7959769,-122.4149018
supermarket,37.7949012,-122.3928736
supermarket,37.7777160,-122.4381600
supermarket,37.7729450,-122.4304920
supermarket,37.7687435,-122.4270651
supermarket,37.7415785,-122.4053683
supermarket,37.7529431,-122.4087167
supermarket,37.7694214,-122.4505453
supermarket,37.7902045,-122.4207829
supermarket,37.7979062,-122.4085421
supermarket,37.7984110,-122.4086385
supermarket,37.8076369,-122.4155301
supermarket,37.7884234,-122.4165679
supermarket,37.7839057,-122.4819672
supermarket,37.7427662,-122.4792960
supermarket,37.7764867,-122.4116366
supermarket,37.7614046,-122.4247040
supermarket,37.7639653,-122.4127878
supermarket,37.7494370,-122.4136230
supermarket,37.7955290,-122.4100247
supermarket,37.7969706,-122.4083521
supermarket,37.7970928,-122.4086681
supermarket,37.7548560,-122.4123130
supermarket,37.7538710,-122.4162680
supermarket,37.7603364,-122.4194100
supermarket,37.7765597,-122.4168330
supermarket,37.7528358,-122.4183448
supermarket,37.7797491,-122.4876360
supermarket,37.7948993,-122.4149473
supermarket,37.7840258,-122.4788199
supermarket,37.7840482,-122.4107866
supermarket,37.7857309,-122.4145173
supermarket,37.7929179,-122.4163322
supermarket,37.7944737,-122.4182553
supermarket,37.7842393,-122.4111301
supermarket,37.7879975,-122.4118912
supermarket,37.7643298,-122.4027236
supermarket,37.7742721,-122.3914120
supermarket,37.7853980,-122.4056288
supermarket,37.7730913,-122.4389783
supermarket,37.7935837,-122.4110435
supermarket,37.7891143,-122.3918140
supermarket,37.7972287,-122.4352703
supermarket,37.7103977,-122.4676500
supermarket,37.7528609,-122.4104106
supermarket,37.8091295,-122.4187761
supermarket,37.7528381,-122.5035845
supermarket,37.7788891,-122.4141120
home,37.72613592820940,-122.42611781438700
home,37.711657531950300,-122.41488438739500
home,37.731163687986300,-122.38772218154300
home,37.79318384938410,-122.40924412983200
home,37.76020435725790,-122.44953243016700
home,37.711361308648100,-122.48059168266500
home,37.731309087050100,-122.47729896597800
home,37.793177722866000,-122.4425825222740
home,37.74932162853190,-122.44198326973700
home,37.73408377541630,-122.41938758134000
home,37.79865907872660,-122.46068212313000
home,37.732466684755200,-122.36664707734400
home,37.79351692779500,-122.43067635147900
home,37.75531273516330,-122.47152691033500
home,37.74200559138080,-122.44354028108800
home,37.797527375824800,-122.44632249664000
home,37.71514520379530,-122.42657152743500
home,37.741330238293500,-122.46449892273100
home,37.786952476011800,-122.47771976656600
home,37.78828394687830,-122.38870747976000
home,37.728526045371800,-122.46600947785900
home,37.727349494966000,-122.49937756049400
home,37.74285717761810,-122.41266778243600
home,37.775961833761700,-122.48758320002800
home,37.713999807822600,-122.41936899731900
home,37.77038923746630,-122.41802010165000
home,37.78005240513340,-122.47657682069500
home,37.74093377043500,-122.4654815492360
home,37.797547240052400,-122.45459368750900
home,37.77928904983240,-122.42341605505500
home,37.73392187358400,-122.38459434364600
home,37.74714301190390,-122.50247917425800
home,37.754503739028400,-122.46914939019100
home,37.79849581781340,-122.42800737559900
home,37.7322961361405,-122.47302917783300
home,37.768746025493800,-122.42926611215400
home,37.72306992964100,-122.42029993415900
home,37.72508665445890,-122.36039145329300
home,37.72803615761770,-122.43625870743700
home,37.72901193172930,-122.46649862534300
home,37.73113095917,-122.4827055054600
home,37.7823438158119,-122.46531177208700
home,37.80038483330610,-122.44949311080700
home,37.75359491039640,-122.50016743507500
home,37.78495113418380,-122.45075382195700
home,37.72859181593570,-122.4602632224400
home,37.759877626963,-122.40319806645700
home,37.7744399512767,-122.47686365246900
home,37.75643022156120,-122.49014575466200
home,37.765496817913700,-122.44069860435500
home,37.76529638094590,-122.451938519093
home,37.71721870972910,-122.48301525078500
home,37.79165200542760,-122.40900733449600
home,37.774299381518600,-122.44385349440000
home,37.73079838297830,-122.48037631825000
home,37.79468466014480,-122.4505309712970
home,37.758027846907400,-122.48500338421800
home,37.78968682731560,-122.47834079440800
home,37.775474328585400,-122.49352313464100
home,37.734993915796000,-122.41964556667000
home,37.7537193370191,-122.43762468431600
home,37.73700827706060,-122.48818582219000
home,37.73830004483680,-122.41548185180200
home,37.74915641429480,-122.39584882936000
home,37.81075758000350,-122.4148891003110
home,37.72450684320550,-122.48632480112400
home,37.76904300602300,-122.41084842758200
home,37.78134753932620,-122.47092168241700
home,37.75886046272160,-122.44670176670600
home,37.78993445677830,-122.42720118554100
home,37.77581876903000,-122.45272959681600
home,37.757254005094800,-122.43709616317500
home,37.788266061907100,-122.43639867451200
home,37.80619420248780,-122.43185655363400
home,37.75575666240520,-122.48766647998000
home,37.739944727614300,-122.37867533905400
home,37.76609689429660,-122.45767238470700
home,37.7562819328624,-122.38525634562000
home,37.764947513793400,-122.39301591882500
home,37.7858749722749,-122.48567860481400
home,37.78720522377610,-122.39274641890700
home,37.80462153801450,-122.40675875745200
home,37.752855847410400,-122.4557125047750
home,37.73750058259400,-122.43630322735300
home,37.73832225765480,-122.37428047097100
home,37.76769665027190,-122.45353378649600
home,37.735672014828900,-122.42475147152400
home,37.753182406823700,-122.39369586665400
home,37.78394562452880,-122.4710375101330
home,37.74469451643840,-122.47140968849600
home,37.78582187317540,-122.4879718218510
home,37.75712562313690,-122.48999999307900
home,37.74262766072470,-122.39479693217300
home,37.70993413238050,-122.46177755735200
home,37.71480069715130,-122.41189698288200
home,37.808913015870200,-122.413331383888
home,37.79895987364540,-122.4406077514240
home,37.773006436539100,-122.41354234693400
home,37.794818590839300,-122.45877953628600
home,37.71373791178420,-122.44657938668600
home,37.765002125448600,-122.43722172183300
home,37.731646574846700,-122.42572991299600
home,37.7533420106345,-122.43945826358300
home,37.786044593549,-122.45124194004800
home,37.80269615136910,-122.44162234632100
home,37.740620850516100,-122.48781609726500
home,37.74648142903450,-122.37953581934000
home,37.788159594112500,-122.46113117966700
home,37.73241039492320,-122.44460920996500
home,37.78875429599810,-122.48704385347200
home,37.7964642336427,-122.44935605542400
home,37.76167202018740,-122.44072138702900
home,37.750120759738700,-122.39941204503400
home,37.7551610237212,-122.48815768976100
home,37.71080599252120,-122.42294510457100
home,37.727724673874500,-122.37871845764600
home,37.76338397010030,-122.39338255226300
home,37.730719119928600,-122.3857103242810
home,37.795190367863000,-122.45319799219000
home,37.74336451511910,-122.46118169405400
home,37.74285726536140,-122.40397523990500
home,37.76551427916130,-122.46517915643800
home,37.72070173595700,-122.40233472809700
home,37.72116709689240,-122.4612566092160
home,37.744295102778500,-122.48865494744800
home,37.71975570385240,-122.42781905462300
home,37.735358238863500,-122.39613400346700
home,37.73300347425710,-122.41477220566600
home,37.77904691522830,-122.50784335390400
home,37.74924581493070,-122.42533141494000
home,37.73927095057990,-122.4220739379440
home,37.76352722213190,-122.45095816626300
home,37.79415790321490,-122.47882776916000
home,37.72433846674140,-122.44968109064200
home,37.748605356001800,-122.42291131655100
home,37.76440319565120,-122.50520971422400
home,37.759256027084600,-122.4883211508850
home,37.71025928590930,-122.41300614832800
home,37.73942810530420,-122.37466665660600
home,37.72514986303280,-122.48116733921400
home,37.72600686630970,-122.4787724776140
home,37.788088731066100,-122.44367362668600
home,37.71171454240250,-122.4851002120270
home,37.74193694945070,-122.41591202119100
home,37.747844818934800,-122.48084456940000
home,37.74296136427940,-122.41719255656600
home,37.72811010214070,-122.48321040057500
home,37.73839554993890,-122.37378499953300
home,37.75575425191880,-122.44969869624200
home,37.76404911430210,-122.41654662817100
home,37.74485494152580,-122.47792068333900
home,37.7170223281357,-122.4098668437220
home,37.72606688958120,-122.42952879816300
home,37.779451331096700,-122.40082486459500
home,37.758481489185600,-122.40945232335000
home,37.758480756143300,-122.48142880347800
home,37.776263903583800,-122.44362099670900
home,37.76181548125030,-122.38346336763200
home,37.76765106309700,-122.45386182088400
home,37.78291328616200,-122.43851455700500
home,37.76546282542490,-122.48039560481000
home,37.75129289317820,-122.40106676676600
home,37.769864781272700,-122.42359980029700
home,37.75176256296470,-122.41803460025400
home,37.73829404291280,-122.40233038613200
home,37.717346042209200,-122.4774996129850
home,37.80256690048600,-122.43969918914800
home,37.75539986759310,-122.40545245696400
home,37.77477437360710,-122.49741536713600
home,37.7398447007348,-122.4839016274270
home,37.768409845829900,-122.44972293594500
home,37.726789351773400,-122.44037303141800
home,37.75854626198750,-122.50131301732100
home,37.728805742835400,-122.45786596690300
home,37.71395716027610,-122.48263727090700
home,37.78005460924590,-122.43413180248900
home,37.71876552112910,-122.46132869911200
home,37.76367755109110,-122.41209738036200
home,37.720711792065600,-122.39321444256400
home,37.77351103188690,-122.47377223455700
home,37.72184682857630,-122.48254222899500
home,37.732713286283300,-122.48891156779700
home,37.7492665077306,-122.39798844630200
home,37.72312717242210,-122.45761348495400
home,37.76443920533290,-122.4024929264630
home,37.7156252770795,-122.40714948631800
home,37.78754949471820,-122.38763851534100
home,37.778733259069700,-122.39242333035000
home,37.73930221575760,-122.49025128363200
home,37.80205157621790,-122.47484086454100
home,37.793587304548100,-122.4041979926820
home,37.772034283963500,-122.4051301330810
home,37.767775496936500,-122.38501341910200
home,37.732736984782800,-122.48559649141900
home,37.7889772553273,-122.42920626013500
home,37.721955530175800,-122.44126033120900
home,37.740203454561800,-122.48108602866000
home,37.78979161939750,-122.47908547594200
home,37.74629455609900,-122.50722190302300
home,37.72010836222490,-122.41570439307900
home,37.7510599158286,-122.49452892191200
home,37.733677286124700,-122.41779131032100
home,37.74114915179640,-122.4312167466160
home,37.752446582488200,-122.39494019313300
home,37.80622473724420,-122.42249622570100
home,37.76928639795680,-122.39928479693600
home,37.73756026966050,-122.44594004635200
home,37.71491060425840,-122.42449553164000
home,37.747300714670100,-122.38884028624300
home,37.73194002654800,-122.4973604910880
home,37.743660928641600,-122.48501253718700
home,37.763486032957800,-122.39437063851900
home,37.72937134277320,-122.45679042806700
home,37.79075609421290,-122.41082334678800
home,37.76082417522870,-122.43390180850700
home,37.77778145615860,-122.49192460778300
home,37.744024550107600,-122.39401457262300
home,37.746256603876400,-122.39933426513700
home,37.75486994245200,-122.49310294999200
home,37.719902656665400,-122.4768296416930
home,37.723903808093600,-122.38983695752600
home,37.77358928284890,-122.42267629161600
home,37.76396050853630,-122.42981879268
home,37.732852463930400,-122.3712227301740
home,37.763650585028700,-122.39255829826500
home,37.787464917172800,-122.40842818560100
home,37.74517402622200,-122.42298957726200
home,37.743197720898600,-122.4558869083300
home,37.73097786783710,-122.49274265564800
home,37.77490086871430,-122.44665908281700
home,37.8076594350239,-122.41207807011400
home,37.73927467945680,-122.3832224614540
home,37.70917221804340,-122.40368793284400
home,37.740072804401600,-122.44066032297500
home,37.72202992011650,-122.40595001996900
home,37.77636369730660,-122.4343407068620
home,37.721562193222500,-122.46437698600800
home,37.7849604476183,-122.46750124769100
home,37.80036965735230,-122.4366201541520
home,37.75007353032290,-122.40484097056000
home,37.7572508873734,-122.39496064933200
home,37.78914487378000,-122.41631475394000
home,37.80266169531530,-122.47623060828800
home,37.76717820608480,-122.46550845341200
home,37.736432070388600,-122.49174915002400
home,37.77577025731120,-122.42775747134200
home,37.710108194699700,-122.392902536278
home,37.724764430218100,-122.38055195011200
home,37.71146689967180,-122.45275361215300
home,37.73663392201270,-122.46389077174900
home,37.71240539133450,-122.48182993611500
home,37.74823615614920,-122.4944153089420
home,37.77995701765520,-122.40619882795800
home,37.72215303240600,-122.45405173948300
home,37.77243199113560,-122.424305147816
home,37.75276484917870,-122.38266520928600
home,37.794118346145300,-122.46840543366300
home,37.740459142926800,-122.4611848648310
home,37.73580417246980,-122.3819495350140
home,37.77548820847060,-122.47675934992500
home,37.73786100969550,-122.42844509465800
home,37.74802176885690,-122.4328094600820
home,37.71391602575520,-122.45778267425200
home,37.729088703188200,-122.4055278670670
home,37.79768850886540,-122.43964147962300
home,37.75349612074830,-122.47064795454000
home,37.79676433027630,-122.44116229853200
home,37.79966273775050,-122.448260681002
home,37.751177704375500,-122.39028848523700
home,37.73546960706090,-122.38674117444200
home,37.71382630743970,-122.40133286543100
home,37.71477890921620,-122.47373589679100
home,37.804352672994600,-122.40636010763000
home,37.80004060487380,-122.45509858300600
home,37.77841830000540,-122.49905181681000
home,37.80360705830830,-122.44915023182600
home,37.80530138661650,-122.41495907823200
home,37.764672445607700,-122.45420714395200
home,37.73362664686690,-122.43278103630700
home,37.74681974269890,-122.4316918984360
home,37.80355870474860,-122.43809344680100
home,37.757929441366900,-122.49304125707900
home,37.741287242436400,-122.43279650958900
home,37.74472163249990,-122.41738306730800
home,37.70961189825260,-122.47124671380100
home,37.75697219739650,-122.47994824554500
home,37.72896140093020,-122.45825070780000
home,37.782016575968400,-122.48839979603000
home,37.75660414749620,-122.45238124872500
home,37.728773444628400,-122.49375403609100
home,37.76064557530180,-122.43371322443800
home,37.72902017987270,-122.44642453940400
home,37.745415000073300,-122.41358660409200
home,37.7723725219829,-122.48758036978700
home,37.75000174077040,-122.43649467761900
home,37.749098198438000,-122.39939023811700
home,37.72694777466120,-122.42399896414200
home,37.755130657574400,-122.41811260109200
home,37.79272294229990,-122.42727796547500
home,37.72758348670820,-122.48776020725000
home,37.8047405967671,-122.41960565938500
home,37.76252016365800,-122.43882286281900
home,37.76476124322230,-122.49568330800800
home,37.72364898038890,-122.46044023892800
home,37.75409164370680,-122.3842653280390
home,37.759576350101800,-122.43132770085800
home,37.7541280967117,-122.38555382403500
home,37.73901512992980,-122.41349956057100
home,37.7979506800825,-122.46923380244800
home,37.75151395697750,-122.50651675969800
home,37.73736217245180,-122.47261724469400
home,37.72468206822240,-122.42011632456700
home,37.803636184710900,-122.4442724118710
home,37.72705638533780,-122.38366562605900
home,37.70946610183410,-122.4255760875820
home,37.73037315039560,-122.38064024195900
home,37.70967472809310,-122.42278324334900
home,37.74658942854240,-122.47995317091200
home,37.80365768228540,-122.4713461480870
home,37.72735967035330,-122.3963303377820
home,37.75405046205180,-122.39854377567100
home,37.71708147897810,-122.43563999866600
home,37.7875702194467,-122.41271187084000
home,37.7837759938491,-122.43934214609900
home,37.76544650264920,-122.39220056890800
home,37.72852491095840,-122.46434477927900
home,37.741053073113900,-122.3750778338750
home,37.75835295881630,-122.48841631459600
home,37.737972511467800,-122.46305538872000
home,37.78336532194570,-122.45890055862200
home,37.778823231233400,-122.38660609486600
home,37.71110125130820,-122.41064938843600
home,37.76993509005260,-122.4115462755380
home,37.72262056940730,-122.46813503145600
home,37.780587340230200,-122.4727658007420
home,37.79803379321430,-122.42109314122600
home,37.78473640978560,-122.44029409777600
home,37.785925341942000,-122.45108676339000
home,37.72936519846180,-122.38735187988700
home,37.713449440176700,-122.41777650128800
home,37.798312611345000,-122.47018908724700
home,37.711774451837800,-122.38250716010100
home,37.78515857613040,-122.4578585291500
home,37.80124767856240,-122.42161271607900
home,37.76258101970290,-122.49664254878200
home,37.77935852434700,-122.43718148157900
home,37.778911749194400,-122.38737265644300
home,37.73879130581470,-122.47482275143600
home,37.73519398340710,-122.44206012407300
home,37.78103301027050,-122.5111269481990
home,37.77728285424130,-122.4645857943590
home,37.73413165461020,-122.38566403034700
home,37.75936000173790,-122.41901441511000
home,37.72720300814770,-122.48156892337400
home,37.71517819497090,-122.41009031499200
home,37.78503967458810,-122.441295724725
home,37.76041985585100,-122.44612313738400
home,37.76678643641820,-122.43851383074100
home,37.765057021947300,-122.45730372958800
home,37.74802830917960,-122.50425519061000
home,37.71147234033530,-122.40454138006300
home,37.75188431031470,-122.4625001410400
home,37.802024099568600,-122.45515747624100
home,37.74306635993570,-122.3797376653800
home,37.72159438766060,-122.45161105780100
home,37.766572339135700,-122.41223590727
home,37.79720711751520,-122.41085867644400
home,37.74264252343100,-122.4517942297990
home,37.765294587864800,-122.4121110584070
home,37.7385526359584,-122.41679648701500
home,37.738271809262800,-122.44402405464700
home,37.718956309849900,-122.45883083249100
home,37.715467579266200,-122.48362379195900
home,37.72849318030490,-122.4640099130280
home,37.7898249738935,-122.4631342826650
home,37.74806083336010,-122.49069563471100
home,37.76214590833310,-122.4508942365250
home,37.71089419992500,-122.4698334823550
home,37.73508484753000,-122.44868591766300
home,37.727215170204900,-122.4165589398150
home,37.756197710179600,-122.46500579831600
home,37.754625258373000,-122.41019752246300
home,37.804012865387500,-122.47453627259600
home,37.72867641075600,-122.41751382496600
home,37.745780947735600,-122.47190508262700
home,37.732028582832700,-122.38404097970800
home,37.76029276818100,-122.47265457592500
home,37.772160917848400,-122.50004284829700
home,37.73422520555760,-122.45230450923600
home,37.757019548526700,-122.40803248040900
home,37.7836645841299,-122.48980031432200
home,37.73817689632310,-122.44960211376400
home,37.729351554444800,-122.36691017593600
home,37.78631855895670,-122.42380409276400
home,37.77750732558190,-122.43795036339500
home,37.79473705964080,-122.46572354094900
home,37.723555420238700,-122.38619955867900
home,37.7096630969527,-122.45285633946000
home,37.75446241571750,-122.45854381400600
home,37.73399865082000,-122.38523246568400
home,37.7833237350181,-122.38833741844200
home,37.79890931035520,-122.40768731125400
home,37.793510891394500,-122.44420060001600
home,37.746673587785800,-122.46874583284900
home,37.804450211976800,-122.41557448797200
home,37.798731087968200,-122.4348713908180
home,37.75419269341240,-122.39926591553200
home,37.7538831112981,-122.48891383363700
home,37.74069833339090,-122.41294824989400
home,37.77258815567650,-122.44448471935000
home,37.74259218718360,-122.39964830723800
home,37.737571866076100,-122.42807702690700
home,37.711327294870700,-122.46873909320600
home,37.72689025307110,-122.37113036984800
home,37.78075129785060,-122.3964052382760
home,37.79941092708610,-122.44147119455700
home,37.729790037165700,-122.46876891879300
home,37.793285010258400,-122.46187061545500
home,37.79945977377890,-122.47863520581800
home,37.760298460642900,-122.39819456048200
home,37.7628721788574,-122.40491398112600
home,37.79007386745760,-122.40511946428400
home,37.75345024138060,-122.41743250000700
home,37.78023363018590,-122.40214331003000
home,37.73972967796900,-122.38074510338200
home,37.75525759373020,-122.38958016121600
home,37.726702798780300,-122.37003844391400
home,37.747577875069300,-122.39235347057900
home,37.79884275715330,-122.40668989635600
home,37.70935198239780,-122.41705160740700
home,37.79769156130010,-122.451645651851
home,37.73750872242190,-122.37740831434400
home,37.75315696080230,-122.40224679786700
home,37.78453011161190,-122.45911847167300
home,37.71719979263410,-122.42822434795000
home,37.75447854094760,-122.49447024195600
home,37.744375100688400,-122.40843532519700
home,37.80059421151560,-122.4202286706530
home,37.7427695814975,-122.50422417062000
home,37.74150602374280,-122.4265270655310
home,37.72156981941800,-122.47722984370500
home,37.7284410564524,-122.46270211143300
home,37.748357004974700,-122.39855238691600
home,37.74759184508650,-122.44654991862000
home,37.76335329647620,-122.4596685470810
home,37.73155869533510,-122.45335069222100
home,37.79851457140350,-122.42100325762400
home,37.73307649618140,-122.3662646348510
home,37.71466083234550,-122.38625807121100
home,37.76783700834450,-122.42249952016700
home,37.7650506999558,-122.442837732064
home,37.76935981081110,-122.3956116518500
home,37.74590848286980,-122.43348103020600
home,37.77780609054810,-122.41597213413800
home,37.77648129395670,-122.4233998058120
home,37.743616099498000,-122.41186138568900
home,37.78379129903210,-122.3918803495000
home,37.790348426520700,-122.42798480582500
home,37.7925442444901,-122.45308156943300
home,37.75192860876160,-122.50224592930900
home,37.72974922895630,-122.38276777005600
home,37.736546621804200,-122.37847105546200
home,37.73167078707410,-122.41690574340800
home,37.76141433525100,-122.50881160061000
home,37.79408998722250,-122.44147260729900
home,37.79832497101790,-122.47614602744300
home,37.72937893437100,-122.48089435748900
home,37.75096480979560,-122.43047443358100
home,37.74108799359610,-122.40241963364300
home,37.749659584329600,-122.40312849858300
home,37.736960429725200,-122.4940286440810
home,37.748704798211000,-122.47691481681600
home,37.81051016491200,-122.4128428786290
home,37.75729007825450,-122.4659278866560
home,37.7600518103155,-122.45367116190000
home,37.72783059732840,-122.46518022650600
home,37.79978335783230,-122.42188284605800
home,37.74375795490650,-122.48820845347500
home,37.76278642609730,-122.38616684977800
home,37.79665792793440,-122.41949431094200
home,37.742128250605100,-122.4590808951480
home,37.72917208327940,-122.50107615444800
home,37.76342935096140,-122.46812070932700
home,37.71769072221630,-122.39531368024000
home,37.754919568112700,-122.466974805188
home,37.74856007740880,-122.4099257147920
home,37.748373990673400,-122.49676920070800
home,37.740445529862600,-122.44549799383700
home,37.805743829322600,-122.41954029829900
home,37.754645263579900,-122.38909541729400
home,37.74046323390550,-122.37442946120100
home,37.801023028632300,-122.47236929204200
home,37.798978056382100,-122.42858308948600
home,37.76231160241970,-122.42972687245800
home,37.757683243613,-122.48965379612300
home,37.78370628322140,-122.46077606752400
home,37.75154688097020,-122.45678585295000
home,37.71924962805370,-122.39677237903200
home,37.72145908794990,-122.39519343228200
home,37.72909369589510,-122.47434310122100
home,37.800770520407100,-122.46601228240300
home,37.792587047348,-122.41162309262600
home,37.749871968939700,-122.44136505444900
home,37.78292475294130,-122.47044461694900
home,37.74246796434400,-122.49835143749500
home,37.72627892104630,-122.39294521389300
home,37.73490045400540,-122.4450202422060
home,37.740925002401300,-122.40970935464800
home,37.79077695209570,-122.45242681015400
home,37.72665085060970,-122.41898811780700
home,37.718073231724300,-122.44855828362800
home,37.713242607733500,-122.39979717665200
home,37.711777047596200,-122.38496391957800
home,37.716012007224700,-122.38429773430200
home,37.73867228237640,-122.50268811953100
home,37.73946338694490,-122.47949601890500
home,37.764901698639900,-122.43785888677700
home,37.75348350791740,-122.4931619607570
home,37.72532450086370,-122.36201340126200
home,37.754623866837500,-122.38686851276900
home,37.77964096942060,-122.4163708281200
home,37.73432608890580,-122.36883899657500
home,37.7290424577619,-122.42605575909000
home,37.716068352702200,-122.46192741044500
home,37.74295513703160,-122.40982527540500
home,37.79108836340020,-122.40085280856600
home,37.75501453778410,-122.44032801565700
home,37.75619946472020,-122.46287544790200
home,37.78336879292350,-122.47195478051800
home,37.78609206416630,-122.42248480538400
home,37.72765621017790,-122.38813150720800
home,37.74067534045530,-122.43378983145700
home,37.80151691127510,-122.41073150338100
home,37.79748770974160,-122.39543452621900
home,37.72884983493880,-122.4706206653520
home,37.74013578265580,-122.47970993681000
home,37.77309982733960,-122.42095376902600
home,37.73187212535900,-122.46018222428700
home,37.7162831360608,-122.40221683957400
home,37.76902842609480,-122.39401684258400
home,37.775648115696700,-122.48984236065500
home,37.73262554280110,-122.41993972415200
home,37.7479390440604,-122.50634025802800
home,37.743243383834,-122.48422055078700
home,37.77951197391480,-122.45227023063000
home,37.762827205749400,-122.41376276340900
home,37.736541647936300,-122.41032148532000
home,37.73474758135020,-122.41020913541600
home,37.751381745704700,-122.48234678744300
home,37.72877792096340,-122.47632970454400
home,37.75723079843620,-122.44685084783500
home,37.73311097994260,-122.44374701478200
home,37.78407291070720,-122.4334741418600
home,37.73862134681320,-122.43320897066000
home,37.78558020536870,-122.39127068300800
home,37.80158182376680,-122.47072244921300
home,37.79286380009110,-122.40718823618500
home,37.72981314693600,-122.4732006574030
home,37.71296310556670,-122.46364892595300
home,37.721363871799100,-122.44164935407500
home,37.7857945349858,-122.39329006700400
home,37.763743809538200,-122.43336008905800
home,37.77487476315490,-122.46874352020000
home,37.727025103858,-122.3989092005750
home,37.74814516273940,-122.40115720805200
home,37.741555730776600,-122.4493532091990
home,37.73160880738250,-122.41639602594100
home,37.80599156016120,-122.41156566504700
home,37.761842122171300,-122.42483653132000
home,37.71494132557840,-122.41174888550700
home,37.74637753078420,-122.48787321980700
home,37.75258330527950,-122.44613993144700
home,37.73715151623280,-122.4201630069520
home,37.74383751850760,-122.40752350864500
home,37.73585501171660,-122.43362177488900
home,37.7444408214802,-122.47041355816800
home,37.73256206941730,-122.4559395649350
home,37.801290269514400,-122.46086499023700
home,37.72215423274800,-122.4860923849730
home,37.79222429524580,-122.44783243803400
home,37.74965719886170,-122.38978150488200
home,37.73614982829850,-122.38144775703600
home,37.76181944472060,-122.46517286984900
home,37.72907027934980,-122.50017431512600
home,37.72932722779380,-122.49750254763900
home,37.77532511100520,-122.43771122445300
home,37.76143979980410,-122.50719784556300
home,37.75421689170180,-122.47322770433300
home,37.80387835642210,-122.47590527447700
home,37.74837583173790,-122.3917200743720
home,37.791888481834500,-122.40614649510900
home,37.72999970678950,-122.49778232849800
home,37.779850164596900,-122.40013539730000
home,37.73537196820120,-122.37598573069400
home,37.742091443364200,-122.47650803492400
home,37.79039160438440,-122.43041326369000
home,37.766290004791200,-122.4499558277430
home,37.755425346660600,-122.42367212985900
home,37.76009750991720,-122.48938035357400
home,37.72626694672560,-122.47899298259000
home,37.72697805380550,-122.40956430785800
home,37.74516659783500,-122.41306423044100
home,37.78013748018490,-122.40402468672600
home,37.77387752833850,-122.49103012250800
home,37.79477121341880,-122.44260851100500
home,37.77806395313430,-122.43912649865100
home,37.745512185511500,-122.47555555386800
home,37.75240749604000,-122.466725399028
home,37.76914619255460,-122.44255902609400
home,37.74982856221130,-122.4058302200750
home,37.73313439604140,-122.45540661710600
home,37.77623292261510,-122.38772259308500
home,37.73549097614640,-122.49879287129500
home,37.76379297456820,-122.45359304154600
home,37.74083689084660,-122.46497908988100
home,37.72765572698800,-122.37257829238200
home,37.74670180705600,-122.44451959483700
home,37.754081916452600,-122.4985819942730
home,37.76206339737300,-122.48409992563800
home,37.74597268620790,-122.45210163897500
home,37.70982351569910,-122.40325089878400
home,37.75973351454260,-122.38410412097800
home,37.788843259792,-122.44443288103400
home,37.79123306331410,-122.4432535945160
home,37.72605925491520,-122.39813913821200
home,37.71909113603320,-122.4790483869340
home,37.743435951314400,-122.40030611376100
home,37.75224877234840,-122.41571288540900
home,37.793317189265900,-122.41945011951200
home,37.73980234022150,-122.4136465062330
home,37.732854114086600,-122.37380697226300
home,37.74605752903180,-122.44451631034400
home,37.802338438216600,-122.41949237240800
home,37.725856969620700,-122.46784373779100
home,37.74890035680940,-122.40604984437800
home,37.77992718151390,-122.45467741429700
home,37.72773385220530,-122.42594623460800
home,37.73275202758870,-122.4189800876220
home,37.804606797479900,-122.44101713014100
home,37.73841464085550,-122.37718769110600
home,37.73733803198090,-122.3928349767050
home,37.756389619092100,-122.48273845076700
home,37.739758262587900,-122.4028915208000
home,37.759006498830800,-122.44780210498000
home,37.74013384716740,-122.44993408882400
home,37.75867116980860,-122.43670632379100
home,37.75064610571150,-122.41223602966900
home,37.73814396075890,-122.48049797328000
home,37.76256700980390,-122.50795568070600
home,37.77934510923090,-122.40869512532800
home,37.787928802653200,-122.41116996571400
home,37.74131829937110,-122.42442354665900
home,37.79468862576560,-122.47393641156000
home,37.75461164253870,-122.38904758906100
home,37.77440423607020,-122.49391963124900
home,37.72166235471740,-122.45964019952400
home,37.76343499922970,-122.50288348223200
home,37.755033844276600,-122.45081104389800
home,37.71592027958030,-122.4604588842560
home,37.79929630687800,-122.45986761002800
home,37.80412452878890,-122.4484742094860
home,37.725810260996500,-122.41530815804600
home,37.74213292440000,-122.48055880648000
home,37.76161027964270,-122.43805208522900
home,37.726283782517,-122.45486294602200
home,37.774227765125100,-122.39016443545300
home,37.75336009291130,-122.42481802480800
home,37.796520008611600,-122.42979159952500
home,37.75527412983040,-122.433214033015
home,37.745017007900000,-122.4223326599950
home,37.76217717794480,-122.49652471875000
home,37.73599265143720,-122.49574412448500
home,37.73460424926510,-122.43351016965500
home,37.80381638224390,-122.42919893028800
home,37.76696978838460,-122.45659029432100
home,37.73635198861440,-122.4885290457120
home,37.715102791672400,-122.38392752784700
home,37.762349652323800,-122.49560277786700
home,37.73090150256870,-122.38246840033700
home,37.80488637542150,-122.42620237175200
home,37.73764271940370,-122.4380099954120
home,37.73523909063580,-122.43587665916100
home,37.78275718800050,-122.45635449116000
home,37.71418068626860,-122.45362673113500
home,37.73151469424010,-122.42908892269200
home,37.74466543844440,-122.49381679864000
home,37.73111022534080,-122.47953021249000
home,37.80410889829970,-122.4520247807520
home,37.71133644884540,-122.45160163442200
home,37.805749582881800,-122.41646492075000
home,37.78770582826500,-122.47827313981900
home,37.72570739333000,-122.4135195150980
home,37.78598776664130,-122.43369208025200
home,37.7954529064396,-122.40507004149800
home,37.713226094585100,-122.43690014019600
home,37.76099551241230,-122.41535768201400
home,37.76645812183890,-122.45631849699600
home,37.74886112832300,-122.41071167738300
home,37.80523354509250,-122.42911685654100
home,37.744873778561700,-122.48143695932600
home,37.73412902720090,-122.4241627180250
home,37.77304073937120,-122.40531929331800
home,37.74039397217570,-122.49850729588100
home,37.78709094195890,-122.4475227104390
home,37.75247962419560,-122.46011032316900
home,37.7802877523973,-122.41010597675300
home,37.71359801830740,-122.39053367453100
home,37.77379069053740,-122.44825049508500
home,37.734973712555300,-122.37519215181700
home,37.801817078938,-122.44649748584700
home,37.717017667222100,-122.48604668433800
home,37.80221224039480,-122.43149879403700
home,37.76424726401120,-122.42681310725700
home,37.72356297673500,-122.40778785247300
home,37.76034677074880,-122.39683843480400
home,37.77244426620890,-122.41445304816500
home,37.72841708330670,-122.45159689782800
home,37.76124096292210,-122.40037660355400
home,37.77440484886860,-122.393219401074
home,37.73479454474020,-122.37186947095800
home,37.7990130254389,-122.46476661374000
home,37.748852968917800,-122.4414245646430
home,37.775551672530300,-122.38868268008900
home,37.758619664628000,-122.4684850039600
home,37.81092702517750,-122.40878474622800
home,37.78984649542330,-122.41537794685000
home,37.77073090333370,-122.39283138764400
home,37.74629055536240,-122.45857901055300
home,37.78853902958010,-122.43465094034100
home,37.782824711411,-122.43633806969700
home,37.76657469504770,-122.43845270037800
home,37.72800153074640,-122.46703328977500
home,37.72296826660490,-122.46782794607000
home,37.75492150027580,-122.40567247675600
home,37.7785736586842,-122.4189610100050
home,37.716999401497500,-122.3818326226870
home,37.759186409590400,-122.38454569874700
home,37.773005583078700,-122.41562312189200
home,37.72668609687860,-122.43983714619500
home,37.76707078081300,-122.44608200748300
home,37.73093701496340,-122.4138619156810
home,37.79429571719650,-122.42437968984000
home,37.76183599274550,-122.48045968946000
home,37.80088083943360,-122.4292027529930
home,37.76302024783570,-122.38700941884200
home,37.78747869711130,-122.46556005528600
home,37.783395753926000,-122.4056977770140
home,37.78663725288650,-122.48085233508100
home,37.708826745353300,-122.4537650528460
home,37.78439939244880,-122.38928928919000
home,37.78004700738430,-122.49430770487900
home,37.76022131330020,-122.41957435880000
home,37.72415735541760,-122.48142986152800
home,37.726863898102700,-122.36904133380800
home,37.724184854262500,-122.39157781222200
home,37.78471186799580,-122.45982825457800
home,37.73263844735390,-122.48023079944200
home,37.77674693508190,-122.40230913228800
home,37.780913062550200,-122.39163844161600
home,37.77954872538890,-122.50057322029400
home,37.717325616157,-122.44659317284800
home,37.77835379139100,-122.4489746067560
home,37.744850704224000,-122.50394294614000
home,37.80299533972900,-122.41518409196700
home,37.71102832552420,-122.48163210979600
home,37.73816778859690,-122.43142466575400
home,37.76464307617120,-122.39291857645800
home,37.7283979456034,-122.47352908938000
home,37.70942234147200,-122.40658545925400
home,37.80004996375780,-122.43230361830800
home,37.71056205744080,-122.42502497012400
home,37.74046306315260,-122.5086928217400
home,37.77246712819010,-122.4507465531510
home,37.75242764329190,-122.42089597386700
home,37.77782491838380,-122.45722661669900
home,37.78191299579810,-122.44685609897900
home,37.76345658002990,-122.50315741455900
home,37.79654570329310,-122.40864179809200
home,37.71873630348410,-122.43907337606800
home,37.71169181260180,-122.38345179907400
home,37.75159846741660,-122.50350990589100
home,37.745882781146400,-122.43216195748200
home,37.72969417763680,-122.48272198036400
home,37.71397733921110,-122.38642966743000
home,37.765181075938400,-122.42023217499600
home,37.75575340963200,-122.48011436202400
home,37.760399366079,-122.39607729772900
home,37.79338973136060,-122.40650182993000
home,37.75226699974980,-122.42694413753600
home,37.736933375506100,-122.38029021101300
home,37.77444192457960,-122.45385779538500
home,37.734078989555200,-122.39323862258500
home,37.73188261651660,-122.38744261263600
home,37.72731143356020,-122.36867436094700
home,37.77237136926970,-122.40206430077400
home,37.748530888756500,-122.4560889086610
home,37.755653794650600,-122.42017991246500
home,37.74876951804900,-122.45780924338300
home,37.8014197364258,-122.43277165943300
home,37.7290960362686,-122.43269240969900
home,37.74465665551490,-122.37906374980100
home,37.75972516385810,-122.42859460419900
home,37.77635318811440,-122.4497837104650
home,37.77025575152310,-122.40963997087800
home,37.7971084767114,-122.42353470533100
home,37.755365023193100,-122.38673242928700
home,37.751913121882500,-122.4799337487190
home,37.72086213673350,-122.38315100311200
home,37.7547169225196,-122.44417675335500
home,37.7110370620215,-122.3915841800220
home,37.802044381208700,-122.42266500117100
home,37.75716351545230,-122.4382792841260
home,37.763525032505100,-122.49494546496600
home,37.71780265255610,-122.45982030766900
home,37.73209226063200,-122.38427759299700
home,37.791288979864200,-122.4294291441950
home,37.725014111602,-122.4856425839530
home,37.76173429415390,-122.3894186617150
home,37.784977640847300,-122.4548506442290
home,37.77239780024250,-122.48638779708900
home,37.75386771697800,-122.47547627248400
home,37.72946127646590,-122.36409185847200
home,37.70975975455210,-122.39586292241200
home,37.789290539452200,-122.43358563275900
home,37.793224508129200,-122.4769265055250
home,37.747482430722700,-122.49531348088200
home,37.76129706548600,-122.43630802424900
home,37.74684202409090,-122.49786744912100
home,37.7840302802999,-122.38699541773000
home,37.75692326172960,-122.44167704781700
home,37.76930938295340,-122.44610354071700
home,37.73826816939450,-122.49658696055400
home,37.76038523374870,-122.49853641590100
home,37.742174873265900,-122.44588928446700
home,37.78113488302060,-122.41273275415300
home,37.80146210761170,-122.44452469103100
home,37.770890053056300,-122.41768707801400
home,37.75746540690580,-122.4073017187010
home,37.740289868503600,-122.50377866031300
home,37.76636308919050,-122.40175856521600
home,37.79017472633700,-122.45105057358500
home,37.7225013952284,-122.38590146349300
home,37.74740112753790,-122.40916067272100
home,37.730595290343100,-122.37553282684300
home,37.76403169567170,-122.44747968087800
home,37.7816542126201,-122.46167204454500
home,37.768396650981200,-122.42574724715600
home,37.76474955772720,-122.50070206975600
home,37.77401297678710,-122.41503527623100
home,37.782350972562100,-122.46746444289800
home,37.7414738199327,-122.50266857334000
home,37.773263853035300,-122.46725851817900
home,37.73874534827230,-122.49684229713400
home,37.7948288686646,-122.40111933596800
home,37.74417128292500,-122.4904697328490
home,37.76641863163090,-122.44097472344500
home,37.77708848385160,-122.42610562255200
home,37.75296547500370,-122.46022218889700
home,37.72000634643350,-122.46991893713500
home,37.78754706439170,-122.48536472121100
home,37.728286163747700,-122.40830222618000
home,37.796616816068600,-122.44034202756500
home,37.80132371823110,-122.44925017566600
home,37.75837790479950,-122.48367297190000
home,37.7229458242275,-122.43737520419000
home,37.74812294024650,-122.41933053380100
home,37.79291954579920,-122.40282000268900
home,37.76895853039390,-122.40619106769500
home,37.713271445701300,-122.38670571038300
home,37.78894271148990,-122.4631426769710
home,37.722901870527600,-122.46044570254200
home,37.7179962694427,-122.43882307651700
home,37.717959845914800,-122.47366798790100
home,37.72828903405630,-122.44192786197000
home,37.80100866779200,-122.4480501489890
home,37.76343681748480,-122.48961481689800
home,37.77420142640920,-122.4739922029940
home,37.76257514470850,-122.39324621406000
home,37.77166702225470,-122.40638149238800
home,37.74775824771900,-122.40079362208400
home,37.800150786001700,-122.40841730647500
home,37.754050630009900,-122.42667237172800
home,37.781814150024900,-122.43488598528200
home,37.75878510528100,-122.41314556327100
home,37.73585903850250,-122.49869040677600
home,37.789890328598700,-122.38972395964300
home,37.79855455395060,-122.4347810390830
home,37.780949772880200,-122.50914455307100
home,37.78778928430740,-122.41813371575900
home,37.747107528014800,-122.49856142009200
home,37.7953448210819,-122.42516816695000
home,37.754692863675100,-122.41987381282700
home,37.789177874700600,-122.43553121605400
home,37.73806718164410,-122.47611484945500
home,37.739792915662500,-122.4752522692160
home,37.761742987262400,-122.4569563636630
home,37.75709311939540,-122.43778173284900
home,37.77463377800040,-122.46655202415500
home,37.79266794725030,-122.4091810450910
home,37.77657812871270,-122.44202046096100
home,37.796301124619000,-122.41833497357900
home,37.8048453437096,-122.42981131842600
home,37.731199709934300,-122.4418584019500
home,37.72030958974260,-122.4466671191920
home,37.771628496872700,-122.4506673351210
home,37.73675319935400,-122.49355812781000
home,37.737786659817700,-122.43940291947000
home,37.71407120216620,-122.38116700945300
home,37.76111170489480,-122.4171365128650
home,37.71959367474640,-122.46353508681500
home,37.80358870534360,-122.45289267088300
home,37.80594277549430,-122.43087530145600
home,37.80168713201590,-122.41138484011900
home,37.763667833640300,-122.39795633706400
home,37.77577991499250,-122.44955180832300
home,37.731489655062400,-122.38471588202200
home,37.729220141303300,-122.45181965355900
home,37.731427905965700,-122.36619877218600
home,37.74292986994540,-122.41073516399100
home,37.79649238096640,-122.42892954213400
home,37.79740787580390,-122.46643262294800
home,37.72600437649690,-122.40789925869800
home,37.79550273094680,-122.43955451761900
home,37.740628699348500,-122.3919848874730
home,37.78919816983270,-122.4478086968530
home,37.7819450748511,-122.41860074962600
home,37.71877457548460,-122.39604771228700
home,37.748733774992300,-122.49973265224500
home,37.78189011214210,-122.42144009580700
home,37.750664765585700,-122.43233193561800
home,37.789236097099900,-122.4159021638140
home,37.73334030803620,-122.41392268210100
home,37.765719420785200,-122.38966884311800
home,37.72370354180720,-122.41622440772000
home,37.75978715514410,-122.40414105908900
home,37.734654850243000,-122.4330107825010
home,37.7372588042256,-122.39248696038900
home,37.75420574580740,-122.4547585733270
home,37.74180755433920,-122.46343227537800
home,37.72162977925070,-122.38911986444800
home,37.71471466635140,-122.41123049350300
home,37.795799918257700,-122.4792068699780
home,37.74892720961770,-122.41210195962100
home,37.735624936644600,-122.37671788395100
home,37.74470262967860,-122.48073240889700
home,37.75657007344780,-122.46251775086100
home,37.762241638201500,-122.4159230668580
home,37.72117758920320,-122.45239204120700
home,37.73209863084880,-122.41209120845200
home,37.73037694643510,-122.42801718432800
home,37.789979208081100,-122.46630274989300
home,37.723110048205900,-122.3814870631760
home,37.73267212672180,-122.43197619538400
home,37.79472075446210,-122.46341692961000
home,37.78578630758020,-122.48631740760200
home,37.765914240728300,-122.43884278263700
home,37.75687166719430,-122.45421229625600
home,37.79702666889930,-122.4662839482080
home,37.80715478998910,-122.46664507428600
home,37.78597572106030,-122.49024093065500
home,37.77080989885250,-122.3892776551970
home,37.775219949680100,-122.43303867617500
home,37.75399274977290,-122.45632647935400
home,37.716269023079400,-122.47964308280000
home,37.77464293742970,-122.47053533215300
home,37.7366090672884,-122.42499046010600
home,37.77268610062600,-122.41785347298100
home,37.77751211590680,-122.4470112528180
home,37.784140134429000,-122.44575866856600
home,37.74833862218420,-122.3932654354860
home,37.71972323870660,-122.4211071736080
home,37.72110516185440,-122.43545927409700
home,37.78563689208800,-122.42717852100000
home,37.757037029083400,-122.39135889782000
home,37.79239912378960,-122.45247619229800
home,37.7470662803477,-122.49211198173200
home,37.73455095176820,-122.44612698649400
home,37.7930547034056,-122.48059281354800
home,37.74856034603940,-122.41082059935000
home,37.7476085931576,-122.44277922909500
home,37.71189145681050,-122.39309100194200
home,37.731759646532600,-122.40657422871600
home,37.74603296505670,-122.39584813579900
home,37.79923037732530,-122.40568167590000
home,37.773213655597800,-122.46446138174300
home,37.73148088434480,-122.37177693651400
home,37.75088881093100,-122.50716210171300
home,37.783320050058100,-122.43039332699900
home,37.712419862284000,-122.44774195355500
home,37.73921681066340,-122.40631250187400
home,37.725713398678800,-122.42682342442600
home,37.72010188855530,-122.40950458020900
home,37.79701463909860,-122.40945536773600
home,37.71526772976070,-122.40055270758900
home,37.7907702106405,-122.40605862314200
home,37.716297330699000,-122.4055108333030
home,37.74851474987320,-122.49637057475400
home,37.751163519227700,-122.45549250891300
home,37.76321983416270,-122.4503632514240
home,37.713642154943000,-122.42907812585900